Entry,R2,slope,epi_min
Q7MW43,0.6863626077185085,1.8060178756713867,0.16121487319469452
P31470,0.3292247795081503,1.5332473516464233,0.37818318605422974
A6LHV2,0.5570395704048432,1.1969248056411743,0.17563587427139282
B7GQA1,0.5527368390923046,1.7134366035461426,0.279181569814682
Q9P6J4,0.5469273974656106,1.5434596538543701,0.24352771043777466
